process_1,process_2,process_3,process_4,process_5,process_6,Size,Wastewater,COD,NH3N,TN,TP,Cr,Cr6,HWsum
0,1,1,0,1,1,1,12529,1.25,1.25,3.75,0.061698639,2.520271479,0.706057615,37.96
1,0,1,1,0,0,1,47500,2.82,0.63,1.71,0.233912152,38,7.1,83
0,1,1,1,0,0,2,21000,0.9125,0.0193,0.2642,0.007,5.00E-04,3.00E-04,300
1,1,0,0,1,1,2,64099,2.7854,0.0588,0.8066,0.0213,57,12,300.62
1,0,1,0,1,1,2,35000,1.5209,0.0321,0.4404,0.0117,7.040426353,1.972385389,51.36
1,0,0,1,0,0,2,44800,1.95,0.4112,0.5637,0.015,9.011745732,2.524653298,36.93
1,0,1,1,0,1,2,13826,1.2236,0.0453,0.1775,0.0022,2.781169565,0.779148583,15.46
1,1,1,0,0,0,2,43240,2.11,0.1277,0.4372,0.212933926,5.9949,0.9348,244.05
0,0,1,0,0,0,2,18900,0.64,0.014,0.028,0,0.517,0.095,194
0,0,0,1,0,1,2,72077,1.03,0.12,0.24,0,0,0,115.39
0,0,0,0,1,0,2,5000,0.16,0,0,0,0,0,14.58
1,1,1,0,0,0,2,90000,3.15,0.23,0.81,0.018,4.98,2.11,510
1,1,0,1,0,1,2,53200,1.7,0.468,0.67,0,5,2.06,1109.98
1,1,1,0,1,0,2,66723,3.6265,0.637,1.911,0.1988,2.6687,1.3361,904.67
1,0,1,0,0,0,2,24610,1.6,0.3,0.3,0.121191117,30,6.2,0.39
1,1,1,1,0,0,2,50152,5.0152,0.1003,0.4423,0.0192,10.0883275,2.826259201,726
0,1,0,0,0,0,2,275400,12.1176,0.3855,2.6713,0.0743,1.377,0.6334,1
1,1,0,0,0,1,2,22460,0.539,0.0595,0.1963,0.0244,4.517942168,1.265707881,503.415
1,1,1,1,0,0,2,133515,25.501,0.8,0.96,0.657490127,26.85721499,7.524086721,105.935
0,0,0,1,0,1,2,10000,7,0.114440253,0.256172517,0.049244664,2.011550387,0.563538683,3.5
1,0,1,1,0,1,2,25000,0.5,0.91,0.91,0.123111659,5.028875967,1.408846707,15
1,0,0,1,1,0,2,31000,0.899,0.354764786,0.794134801,0.152658457,9.47,9.47,86.16
1,1,1,0,1,0,2,126144,9.39,1.28,1.66,0.621191885,11.4,0.505,451.06
1,0,1,0,0,1,2,8090,0.58,0.015,0.081,0.039838933,1.627344263,0.455902794,183.72
1,1,1,0,0,0,2,25000,12.2,0,0.640431291,0.123111659,13.33,13.33,1100.25
0,1,0,1,0,0,2,100785,11.07,2.52,3.78,0.302,1.51,1.007,78.05
1,1,0,0,0,0,2,53000,9.54,1.185,3.3,0.159,23.4,23.4,1042.071
1,1,0,0,1,1,2,406625,39.0766,5.2861,7.1687,0.5977,11.2,22.91489168,11210.15
1,1,1,0,0,1,2,157870,15.17,2.052,2.783,0.232,31.75634595,8.896585183,18502.8
1,1,0,0,1,0,2,15000,1.442,0.195,0.264,0.022,3.01732558,0.845308024,160
1,1,0,0,0,0,2,54000,5.189,0.702,0.952,0.079,10.86237209,3.043108886,800
1,1,0,1,0,1,2,66740,6.414,0.868,1.777,0.098,13.42508728,3.761057168,419.905
1,0,1,0,0,1,2,7582,0.729,0.099,0.134,0.011,1.525157503,0.427275029,345.22
1,1,0,1,1,0,2,120000,10.5,1.2,1.2,0.590935964,24.13860464,6.762464192,1.3
1,1,1,0,0,0,2,16000,1.44,0.064,0.064,0.078791462,3.218480619,0.901661892,212
1,1,0,0,1,0,2,45000,1.07,0.514981141,1.152776324,0.221600986,25,25,398
1,0,1,0,0,1,2,7920,0.27,0.02,0.05,0.039001774,1.593147906,0.446322637,30
1,0,1,0,1,0,2,51000,4.845,0.3253,0.5433,0.251147785,5.8,1,35
1,1,0,1,0,0,2,152000,0.943,0.23,0.3,0.024,7.6,0.608,1994.3
1,1,0,0,1,1,2,8340,0.41,0.043,0.15,0.0017,1.677633022,0.469991261,1361
1,1,1,0,1,1,2,33000,1.848,0.1518,0.4554,0.0178,45.58,2.85,1504.23
1,1,0,0,0,0,2,21000,1.176,0.0966,0.2898,0.0113,16.5,3.3,740.54
0,0,1,0,0,0,2,2145,0.2145,0.0086,0.01,0.01056298,0.89,0.075,64.5
1,1,0,0,0,0,2,77100,11.8,0.007,0.007,0.379676357,15.50905348,4.344883243,4.5
1,1,0,1,1,0,2,91200,6.457,0.8482,2.5445,0.0576,12.2924,3.3018,354.101
1,1,1,1,0,0,2,102230,6.07,1.35,3.69,0.0035,50,29,210.88
1,0,0,0,1,1,2,27763.944,3.4185,0.5324,0.8191,0.0483,13.62,2.84,70.11
0,0,0,1,0,0,2,4250,0.21,0,0,0.0045,0,0,80
1,1,1,1,0,0,2,115560,10.82,0.15,0.15,0,0,0,637.52
0,1,0,0,0,1,3,16000,0.96,0.015,0.015,0.078791462,0.41,0.39,30.77
1,0,1,0,0,0,3,9000,0.32,0.0085,0.0085,0.044320197,1.810395348,0.507184814,50.8
1,0,1,1,0,1,3,3500,0.3098,0.0115,0.0449,6.00E-04,0.704042635,0.197238539,10.4
1,0,0,0,1,1,3,18000,1.593,0.059,0.231,0.003,4.27,0.49,70
0,0,0,1,1,0,3,22350,1.011,0.012,0.012,0.110061823,0.002,1.259508956,243.22
0,1,1,0,1,1,3,21744,0.945,0.02,0.27,0.007,1.01,0.92,350
0,1,1,0,0,1,3,51200,0.788,0.132,0.132,0.252132678,0.008,2.885318055,490.34
0,0,1,0,0,0,3,9258,0.7174,0.025,0.12,0.04559071,1.75,0.521724112,29.8
0,1,0,1,0,1,3,100561,4.3698,0.09,1.265,0.033,0.79,0.6946,280
1,1,1,0,1,1,3,121552,5.35,0.8,1.15,0.027,77.06,11.8,655.815
1,0,0,0,0,0,3,45337,1.99,0.3,0.43,0.223260532,45.08,4.1,245.447
0,0,0,1,0,0,3,12155,0.53,0.04,0.11,0.059856889,1.78,0.08,30.982
1,1,1,0,1,0,3,87127,3.83,0.62,0.82,0.429053981,1.25,0.84,702.391
1,0,0,0,1,0,3,35000,1.08,0.25,0.7,0.172356323,35,3.2,170.41
1,0,1,0,0,0,3,20833,1.8605,0.0849,0.3021,0.102591408,22.1724,0.976,81.65
0,1,0,0,0,1,3,25104,1.22,0.1534,0.4342,0.123623804,4.5564,0.6253,31.8
1,1,1,0,0,1,3,26000,1.5668,0.14,0.2154,0.0014,10.43,0.1243,530.055
1,0,0,0,0,1,3,55413,4.7329,0.82,1.374,0.272879455,11.14660416,3.122736902,190
1,0,1,0,1,0,3,11000,1.2398,0.033,0.037,0.0151,8.56,0.58,280
1,1,1,1,0,0,3,31065,1.6772,0.065,0.2573,8.00E-04,5.98,0.46,385
1,1,1,0,0,1,3,33510,1.7305,0.2,0.2776,0.165018868,1.5643,0.225,993.56
1,0,0,0,1,1,3,36455,1.35,0.15,0.457,6.00E-04,7.68,0.15,187.569
0,1,0,1,0,1,3,27500,1.18,0.006,0.006,0.0044,0.69,0.525,261.67
0,0,1,0,0,0,3,6545,0.1998,0.0022,0.0022,4.00E-04,0.129,0.0537,14.02
0,1,1,0,0,1,3,5100,0.21,0.001,0.001,0.025114778,0.034,0.034,35
0,0,0,0,0,0,3,13500,0.486,0.0257,0.0257,0.066480296,2.715593022,0.760777222,0.73
0,0,0,1,0,1,3,16500,0.594,0.0314,0.0314,0.081253695,3.319058138,0.929838826,0.567
0,1,1,1,1,1,3,20000,0.632,0.003,0.003,0.098489327,0.436,0.436,78.23
1,1,0,0,0,0,3,700,0.0378,0.0014,0.0014,0.003447126,0.140808527,0.039447708,2005
0,1,1,0,1,0,3,14169,0.28,0.0024,0.0024,0.069774764,0.028,0.028,127.15
0,0,0,0,0,1,3,3000,0.111,0.034332076,0.076851755,0.014773399,0.0402,0.0402,15.72
1,1,1,0,0,0,3,41253,1.58,0.0087,0.0087,0.203149011,0.7013,0.7013,900
0,0,1,1,0,0,3,9500,0.4047,0.0017,0.0017,0.04678243,0.109,0.109,45.69
1,0,0,0,0,0,3,46522.69,3.742823956,0.532406844,1.191783457,0.229099422,9.358273506,2.621733544,257.98
0,1,0,0,0,1,3,11000,0.55,0.033,0.033,0.05416913,0.187,0.187,59.54
0,0,0,1,0,1,3,15800,0.553,0.04,0.14,0.003,1.8,0.1,235
0,1,0,0,0,0,3,9400,0.33,0.02,0.085,0,1.65,0.06,129.4
0,1,0,1,0,0,3,10805,0.35,0.095,0.136,0,0.982,0.074,45.87
0,0,1,0,0,0,3,12900,0.4,0.03,0.06,0,0.4,0.1,267.531
0,0,0,1,0,0,3,11384,1.007,0.037,0.084,0.056060125,2.28994896,0.641532436,38.4
1,1,0,0,1,0,3,90674,8.02,0.297,0.592,0.446521063,18.23953198,5.109830651,128.49
1,1,1,0,0,0,3,54670,8.63,0.82,1.09,0.269220576,2.19,0.113,582.155
0,0,0,0,0,1,3,37000,2.59,0.655,0.74,0.37,0.37,0.074,0.35
1,1,0,1,0,1,3,69686,5.13,0.1024,2.9342,0.0348,3.48,3.927075664,958
1,1,1,0,1,1,3,62538,3.6287,1.026,3.078,0.307966278,0.0427,3.524258213,934.54
1,1,0,1,0,0,3,20235.6,3.8852,0.3744,1.1232,0.0911,8.0942,1.0118,359.48
1,1,1,1,0,1,3,59109,4.2351,1.1191,3.3573,0.291080282,2.9556,2.9556,898.76
1,1,0,0,0,0,3,82000,9.8,1.16,1.6,0.07,27.2,1.6,1780
1,1,1,0,1,0,3,29273,3.5,0.45,0.66,0.95,2,1.8,450.38
1,1,0,0,0,0,3,29500,2.4,0.4,1.2,0.145271758,39.5,7.9,310
1,1,1,1,0,0,3,40500,3.31,0.0729,0.2187,0.041,0.03,2.282331665,500
0,0,0,1,0,0,3,14157,0.7119,0.2,7.0785,3.5534,0.4955,0.797801713,0.27
1,1,0,0,0,1,3,75300,3.3132,0.1054,3.0269,0.021,15.06,1.7319,2
0,1,0,0,0,1,3,55816,2.4559,0.078,0.6561,0.0156,2.7908,1.2837,4.6
1,1,1,0,1,0,3,120376,11.7968,0.78,3.0551,0.0024,18.176,16.8526,1672.68
0,0,0,0,1,1,3,12940,1.94,0.6962,2.2386,0.063722595,2.6029462,0.729219055,0.5
0,0,1,0,0,0,3,1003,0.3731,0.054,0.1735,0,0,0,37.14
0,1,0,1,0,0,3,10000,0.62,0.03,0.03,0.049244664,2.011550387,0.563538683,322.5
0,0,1,0,0,1,3,1000,0.85,0.55,0.55,0.004924466,0.201155039,0.056353868,3
0,0,0,1,0,0,3,4200,0.19,0.0018,0.006,3.00E-04,0.44,0.095,45
1,1,0,0,1,0,3,350000,28.54,0.62,0.75,0.13,126,0.7,3508.777
1,0,1,0,0,0,3,3569,0.104,0.040843726,0.091427971,0.01757542,0.717922333,0.201126956,16.44
1,0,0,0,0,1,3,3000,0.088,0.034332076,0.076851755,0.014773399,0.603465116,0.169061605,3.18
1,1,0,0,0,1,3,115600,9.24,1.32292933,2.961354291,0.569268312,16,16,220.02
1,1,0,1,0,0,3,85000,2.49,0.517,0.64,0.021,5.78,0.34,662.95
1,1,1,0,0,1,3,80500,2.35,0.92124404,2.062188758,0.396419542,2.92,2.92,323.03
1,1,0,1,1,1,3,46522.69,3.742823956,0.532406844,1.191783457,0.229099422,9.358273506,2.621733544,1500
1,1,1,1,0,0,3,58900,2.945,0.8835,1.2369,0.290051069,13.2525,12.0477,816.54
0,0,0,0,1,1,3,19000,1.29,0.2014,0.216,0.018,0.133,0.019,135.81
0,0,1,0,0,0,3,22000,1.496,0.233,0.25,0.021,0.154,0.088,80.94
0,1,0,1,1,0,3,28129,0.89,0.083,0.3,0.138520314,1.12,0.055,429.72
1,1,0,0,1,0,3,18799,0.29,0.127,0.248,0.092575043,0.282,0.038,525.94
1,0,0,1,0,1,3,28887,1.67,0.049,0.158,0.14225306,1.08,0.246,110.32
1,1,1,1,1,0,3,17016,0.752,0.029,0.094,0.08379472,1.87,0.425,2024.24
1,0,0,1,0,0,3,40787,2.39,0.07,0.224,0.20085421,8.204510562,2.298505225,41.98
1,1,1,0,0,1,3,92025,2.93,0.27,0.98,0.453174017,18.51129243,5.185964727,74.34
0,1,1,0,0,1,3,11957,0.38,0.035,0.127,0.058881844,2.405210797,0.673823203,300.48
1,1,0,1,0,1,3,154154,4.9,0.453,1.63,0.759126188,6.17,0.462,4252.24
1,0,1,0,0,1,3,28255,1.64,0.048,0.373,0.139140797,5.683635617,1.592278548,54.78
0,0,1,0,0,0,3,13580,0.83,0.1,0.179,0.066874253,2.731685425,0.765285531,15.32
1,1,0,0,1,0,3,58888,4.42,0.689,0.777,0.289991975,5.3,0.265,559.58
0,1,0,0,1,0,3,9940,0.611,0.119,0.132,0.048949196,0.298,0.159,140.16
1,0,1,0,0,0,3,27990,0.89,0.082,0.297,0.137835814,3.36,0.14,362.05
1,0,1,0,0,1,3,17640,0.168,0.102,0.173,0.086867587,3.548374882,0.994082236,43.04
1,1,0,1,0,0,3,110178,3.5,0.32,1.17,0.542567855,1.65,0.22,2739
1,0,1,0,0,1,3,70200,2.18,0.21,0.744,0.345697539,14.12108371,3.956041552,130.1
0,0,0,1,0,0,3,13846,0.612,0.024,0.076,0.068184161,0.803,0.305,20.24
0,1,0,1,0,0,3,38536,8.0598,0.0771,0.4275,0.0098,0.0771,0.0771,295.78
0,1,0,0,0,1,3,27220,1.1221,0.0544,0.302,0.0069,0.1225,0.1225,124.73
0,1,1,0,1,0,3,26000,1.1486,0.052,0.4479,0.0165,0.403,0.403,318.26
0,0,0,0,1,0,3,1043.2,0.2612,0.0021,0.0116,3.00E-04,0.0449,0.0449,18.43
1,1,1,0,1,0,3,20000,4.4065,0.04,0.2219,0.0051,0.095,0.095,510.98
0,0,1,0,0,0,3,20486.4,1.6404,0.0645,0.288,0.0102,0.0922,0.0922,145.54
0,0,0,0,0,0,3,7627.2,0.447,0.0763,0.0763,0.0038,0.0153,0.0153,35.14
0,0,0,0,0,0,3,2240,0.0961,0.0045,0.0386,0.0014,0.0045,0.0045,2
1,1,1,0,0,0,3,17600,5.9136,0.0554,0.1953,0.0045,0.0352,0.0352,737.81
1,1,0,0,1,1,3,74800,5.984,0.374,0.374,0.076005257,32.29,3.028,672
0,1,1,0,0,1,3,36300,4.62,0.231,0.231,0.036884904,0.0064,0.0018,485
1,0,0,1,0,1,3,16000,1.28,0.08,0.08,0.016257809,2.686197184,1.893743073,16.4
1,1,0,1,0,0,3,66708,3,1.02,1.02,0.06778287,0.0012,7.895488309,380.5
0,0,0,1,0,0,3,20250,2.033,0,0,0,0.0096,0.0096,24.98
1,0,0,0,0,1,3,11160,2.325,0,0,0,3.939,3.939,32.976
1,0,0,0,0,0,3,27000,10.18,0,0,0,12.8,12.8,9.9
0,0,1,0,0,0,3,28000,2.8,0,0.918,0,0.0133,0.0133,223.54
0,0,0,0,0,1,3,29186.76,1.7512,0.2334,0.5837,0,0.116,0.116,347.801
0,0,0,1,0,1,3,950,0.057,0.0076,0.019,9.00E-04,0,0,3.4
0,0,0,0,0,0,3,4800,0.48,0.0012,0.0042,0.038,0,0,4.41
1,1,0,0,1,0,3,38000,5.48,0.39,1.37,0.01,15.9,15.9,372.285
0,1,0,0,1,1,3,25500,6.4,0,0,0,0,0,54.25
1,0,0,0,0,1,3,93550,19.71,0,1.07,0,7.24,7.24,1847.715
0,1,1,0,0,1,3,63750,15.95,0,0.57,0,0,0,82.27
0,1,0,1,0,0,3,25500,6.38,0,0.53,0.59,2.55,0,45.31
0,1,0,1,0,0,3,68000,17,0,0.86,0,0,0,118.9
1,1,1,1,0,1,3,119000,19.96,0,1.02,0,0,0,1813.4
1,0,1,0,0,1,3,20430,2.0344,0.381,0.4,0.02,25.43,25.43,400.99
1,0,1,0,0,1,3,16200,6.28,0,0.108,0,21.7,21.7,364.825
1,0,0,0,0,0,3,2700,0.4,0,0.03701116,0.002743505,1.24,1.24,0.7
1,1,0,0,1,0,3,40000,9.84,0,0.548313485,0.040644522,17.98,17.98,104.54
1,0,1,0,0,0,3,3000,0.44,0,0.041123511,0.003048339,1.35,1.35,95.324
1,0,0,0,1,1,3,23760,5.3,0,0.249,0,5.15,5.15,547.75
0,0,0,1,0,1,3,21114,8.79,0.034,0.034,1.00E-04,0,0,492.12
1,0,1,0,0,1,3,71070,7.09,0.9,2.7,0,1.066,0.71,469.46
1,0,1,0,1,0,3,1160000,232,9.2,9.2,0,1.5,0.375,11888.9
0,1,1,0,0,0,3,27000,7.2,0,0,0,0,0,65.64
0,0,0,1,0,0,3,12000,3.6,0.01,0.01,0,0,0,94.44
1,1,0,1,0,1,3,86477,8.3104,1.1242,1.5245,0.1271,2.1619,10.23532623,925.97
1,1,0,1,0,1,3,14051,1.3503,0.1826,0.2476,0.0206,0.3511,1.663061495,206.74
1,1,1,0,0,1,3,87840,8.4414,1.1419,1.5486,0.1291,12.0516,10.39664947,2921.698
1,0,1,0,0,0,3,28360,2.72,0.13908835,0.388754261,0.042,1.79,3.356659598,329.95
1,0,0,0,0,0,3,1371,0.13,0.018,0.024,0.002,0.11,0.16227011,6.37
1,0,0,0,0,1,3,4500,0.43,0.05,0.08,0.007,0.135,0.532615239,5
1,0,1,0,1,0,3,66104,6.35,0.324199445,0.906142866,0.1,3.3,7.823999508,756.334
1,1,0,1,0,1,3,136697,13.14,1.78,2.41,0.2,16,16.17931231,2004
1,0,1,1,0,1,3,156212,7.55,0.58,1.27,0.115,16.89,18.48908706,2129.58
1,0,0,0,1,1,3,40940,3.93,0.53,0.72,0.06,125.2,4.845615089,971.02
1,1,0,0,1,0,3,87000,8.361,1.131,1.534,0.128,14.60619719,10.29722796,444
0,1,0,0,1,0,3,7200,0.692,0.094,0.127,0.011,1.208788733,0.852184383,111.423
1,1,1,1,0,1,3,52171,5.01,0.678,0.92,0.053011634,8.75884958,6.174904368,350.06
0,1,0,1,0,0,3,11050,1.062,0.144,0.195,0.016,1.85515493,1.30786631,50.532
1,0,0,1,0,1,3,244900,23.535,3.184,4.318,0.36,6.81,28.98610492,2847.07
0,0,0,1,0,0,3,187,0.018,0.002,0.003,3.00E-04,8.00E-04,8.00E-04,0.73
0,0,0,0,0,1,3,1500,0.144,0.002,0.026,0.003,0.251830986,0.177538413,200
1,0,0,1,1,1,3,204879,19.689,2.663,3.612,0.301,0.8195,0.8195,1400
1,1,1,0,0,1,3,52546.68,5.525395588,0.257709133,0.720301331,0.053393368,8.821921489,6.219369455,330.46
0,0,0,1,0,1,3,2200,0.065,0.004,0.012,0,0.369352113,0.260389673,429.04
1,0,1,0,1,1,3,51219,4.922,0.666,0.903,0.057,0.2048,0.2048,800
1,1,1,0,0,0,3,51219,4.922,0.666,0.903,0.075,0.2048,0.2048,600
1,0,1,0,0,0,3,52546.68,5.525395588,0.257709133,0.720301331,0.053393368,8.821921489,6.219369455,14.66
1,0,0,1,0,0,3,2923,0.15,0.01,0.02,0.002970098,0.490734648,0.345963188,502.98
1,1,0,1,0,0,3,10050,0.53,0.07,0.14,0.01,1.687267606,1.189507368,588.4
1,1,0,0,1,1,3,150000,9,1.1,1.1,0.1,35,15.1,401
0,0,0,1,0,0,3,27000,0.89,0.09,0.252,0.027435053,2.7,1.3,11
1,0,1,1,0,0,3,75000,3.75,0.12,0.12,0.076208479,10.2,8.876920657,388.67
1,0,0,0,1,0,3,60000,2,0.1,0.1,0.01,4.507,2,20.2
0,0,0,0,0,1,3,3000,0.8,0.014713154,0.041123511,0.003048339,0.503661972,0.355076826,5.94
0,0,0,0,0,0,3,3000,0.15,0.02,0.02,0.003048339,2.871,0.355076826,8
0,0,0,0,0,0,3,9600,0.4,0.001,0.001,0.009754685,1.072,1.136245844,6
1,0,1,0,0,0,3,3670,0.1,0.017999092,0.050307762,0.003729135,0.616146479,0.434377317,99.71
0,0,0,1,0,1,3,12000,0.25,0.01,0.01,0.012193357,0.363,1.420307305,26.2
1,1,0,1,1,1,3,31730,2.47,0.12,0.27,0.032241267,7.492,7.492,725.886
0,0,0,0,0,0,3,14000,0.29,0.068661386,0.19190972,0.014225583,2.350422536,1.657025189,3
1,0,0,0,0,1,3,15000,1.53,0.07356577,0.205617557,0.015241696,2.51830986,1.775384131,760
1,0,0,0,0,0,3,36000,0.98,0.083,0.365,0.03658007,6.043943663,4.260921915,7.387
0,0,0,1,0,1,3,11000,0.4004,0.022,0.913,0.0023,0.3,0.26,14.4
0,0,0,0,0,0,3,10800,0.393,0.0216,0.0896,5.00E-04,0.13,0.12,3.5
1,1,0,0,0,1,3,92698,9.27,0.59,3.84,0.02,25,18,68.15
1,0,0,0,1,1,3,12680,1.27,0.08,0.52,0,2.128811268,1.500791386,131.01
0,0,0,0,0,0,3,12000,0.4,0.02,0.07,0.012193357,2.014647888,1.420307305,0.6
1,0,1,0,0,1,3,33600,1.13,0.07,0.2,0.034141399,2.98,3.976860454,185.39
1,0,0,1,0,0,3,16300,0.55,0.03,0.1,0.016562643,1.5,1.929250756,78.3
0,0,0,0,1,1,3,25700,2.4415,0.164,0.164,0.026114106,0.098,0.051,16.49
0,0,1,0,0,1,3,9950,0.945,0.063,0.402,0.010110325,3.582,0.04,35.61
1,0,0,1,0,0,3,36000,1.5452,0.134,0.2237,0.03658007,29,25,114.44
0,0,0,0,0,0,3,17643,1.406,0.035,0.035,0.017927283,2.962036057,2.088206815,7.01
1,1,1,0,0,0,3,71354,5.687,0.143,0.143,0.072503731,11.97943212,8.445383954,501.5
1,1,0,0,0,1,3,18059,1.439,0.036,0.036,0.018349986,3.031877184,2.137444135,70.65
0,0,1,0,0,0,3,32896,2.622,0.0658,0.658,0.033426055,0.71,0.71,44
1,1,0,1,0,0,3,94910,7.5662,0.1898,1.897,0.09643929,11.65,11.23344719,4.75
0,0,1,0,1,0,3,29316,2.337,0.0586,0.586,0.02978837,0.012,3.469810746,12.8
0,1,0,0,0,0,3,68180,5.435,0.136,1.3625,0.069278588,3.348,0.016,72.15
1,1,0,1,0,0,3,46550,3.711,0.0931,0.1781,0.047300063,0.64,5.509608754,31.32
0,0,0,0,0,0,3,15000,0.503,0.03,0.09,0.015241696,1,1.775384131,6.106
1,0,1,0,0,0,3,1800,0.06,0.004,0.011,0.001829004,0.302197183,0.213046096,37.63
1,0,0,0,0,0,3,14000,0.469,0.028,0.084,0.014225583,1,1.657025189,29.996
0,0,0,0,0,0,3,14569,1.2,0.01,0.03,0.014803751,2.445950423,1.724371427,9.9
0,0,0,0,0,1,3,1200,0.105,0.01,0.03,0.002,0.201464789,0.142030731,1.462
0,0,0,0,0,0,3,2800,0.28,0.002,0.006,0.002,0.470084507,0.331405038,0.32
1,1,0,1,1,0,3,98127,4.906,0.246,1.363,0.005,0.785,0.393,1397.76
1,1,0,1,0,0,3,90606,4.53,0.23,1.26,0.0046,0.725,0.362,1290.63
1,0,1,0,1,0,3,97965,4.898,0.246,1.36,0.005,0.784,0.392,1395.45
1,0,0,1,0,1,3,69974,3.5,0.176,0.972,0.0036,0.56,0.28,996.72
1,0,1,0,0,1,3,57257,2.863,0.144,0.795,0.0029,0.458,0.229,815.63
1,1,0,1,0,1,3,112760,5.638,0.283,1.57,0.0058,0.902,0.451,1606.19
0,0,0,1,0,1,3,46316,1.48,0.21,1.29,0.002,0.42,0.2,295
0,0,1,0,1,0,3,28723,1.436,0.072,0.399,0.0015,0.23,0.115,409.13
1,0,0,1,1,0,3,46975,2.349,0.118,0.652,0.0024,0.376,0.188,669.13
0,0,0,0,1,0,3,3200,0.32,0.015694031,0.043865079,0.003251562,0.537239437,0.378748615,11.005
0,1,0,1,0,0,3,35000,3.5,0.53,0.7,0.018,0.14,0.14,150
0,1,1,0,0,0,3,34862,3.49,0.15,0.97,0.002,0.31,0.15,239.98
1,0,1,1,0,1,3,99950,5,0.25,1.39,0.005,0.7996,0.3998,1423.72
0,0,0,1,1,1,3,96982,9.7,0.43,2.71,0.005,0.87,0.43,627.64
1,1,1,1,0,1,3,85401,8.54,0.37,6.09,0.005,4.1,0.84,12370
1,0,1,0,0,1,3,137606,6.88,0.345,1.91,0.007,1.1,0.55,1960.09
0,0,1,1,1,1,3,103176,5.16,0.46,2.88,0.0054,4.95,0.41,683.02
1,1,0,1,0,0,3,21556,1.114,0.075,0.075,0.09,4.898409214,1.623970772,65.899
0,0,1,1,1,1,3,55628,4.227,0.0464,0.1107,0.0093,2.781,0.222,302.528
0,0,0,0,1,0,3,185000,5.55,0.287,0.6,0.06,9.25,0.74,2425
0,0,0,0,0,1,3,27500,3.71,0.468,0.47,0.0028,1.375,0.11,429.33
1,0,0,0,0,0,3,13420,0.7515,0.06,0.18,0.0072,2.85,1.22,228.86
0,0,1,1,0,1,3,27500,1.89,0.11,0.33,3.7,0.005,0.003,1012.87
0,0,0,0,0,0,3,65000,3.64,0.043,0.129,0.0351,12.16,11.68,856.7
0,1,0,1,0,0,3,72000,7.2,0.82,3.06,0.039,2.219,2.219,674.68
0,0,1,0,0,0,3,30000,1.8,0.15,0.45,0.0162,5.2,5,803.89
0,1,0,0,1,0,3,21000,1.008,0.065,0.195,0.0115,1.25,1.25,806.6
1,1,1,0,0,0,3,32400,2.64,0.49,1.47,0.0175,5.015,5.003,895.85
1,1,1,0,1,1,3,80000,6.8,0.515,1.545,1.02,8.4,8.1,697.22
1,1,1,0,0,1,3,33000,2.04,0.38,1.14,0.0178,0.0016,0.0012,732.06
0,1,0,1,1,1,3,21000,4.02,0.083,0.249,0.0113,5,5,686.42
1,1,0,1,1,1,3,91852,3.564,0.184,0.91,0.028,0.4,0.4,1067.12
1,1,1,0,0,0,3,24146,0.604,0.112,0.265,0.007,1.5,1.5,197.52
0,0,0,0,1,0,3,30402,1.319,0.061,0.356,0.004,0.064,0.064,192.97
1,1,0,1,0,1,3,130809,5.075,0.03,1.296,0.039,11,0.5,1266.46
1,1,0,0,0,0,3,26609,0.665,0.053,0.224,0.008,2.4,2.4,168.46
1,1,1,0,0,0,3,124731,5.413,0.249,1.459,0.016,6.86,6.86,644.26
1,0,1,0,0,0,3,14377,0.624,0.029,0.168,0.002,7.78,7.78,138.93
1,0,0,0,1,0,3,36255,0.906,0.168,0.398,0.01,12.8,0.4,201.03
0,0,0,1,0,1,3,29000,1.259,0.058,0.339,0.004,0.068,0.068,200
0,1,1,1,1,0,3,115886,4.496,0.232,1.148,0.035,0.5,0.5,445.4
0,1,0,0,0,0,3,33386,1.118,0.067,0.083,0.01,0.4,0.4,209.92
0,1,1,0,0,1,3,38793,1.684,0.078,0.454,0.005,0.054,0.054,347.78
0,1,0,1,1,1,3,73780,2.863,0.148,0.731,0.022,0.3,0.3,583.96
0,0,1,0,1,1,3,71500,3.103,0.143,0.837,0.009,0.15,0.15,415.93
0,0,1,0,0,1,3,36507,1.223,0.073,0.281,0.009,0.1,0.1,293.93
0,1,0,1,0,1,3,44408,1.11,0.206,0.487,0.012,0.2,0.2,224.25
0,1,1,0,1,0,3,63678,2.471,0.127,0.631,0.019,0.255,0.255,242.1
1,1,0,1,0,0,3,68692,6.869,1.03,3.09,0.1734,5.17,0.64,473.409
1,0,0,1,1,0,3,15800,1.264,0.158,0.474,0,2,2,15.13
1,0,1,1,1,1,3,220000,11.2,1.12,2.618,0.136,110,7.568,522.442
1,1,1,0,0,0,3,35500,2.86,0.53,1.59,0.1855,8.875,3.55,376.65
1,1,0,1,1,1,3,20000,1.667,0.0253,0.0759,0,4.544822058,1.506745938,474.073
0,0,0,1,1,1,3,900,0.0916,0.0145,0.0405,0,0.204516993,0.067803567,16.156
1,0,1,0,0,1,3,152350,10.23,1.25,3.75,0.086,9.73,7.61,943.55
1,0,1,0,0,0,3,23000,1.84,0.145749601,0.450123517,0.076945858,7.36,2.3,6.09
0,0,1,0,0,0,3,9012,0.9012,0.057108496,0.176370136,0.030149395,0.176,0.003,85
1,0,0,0,0,1,3,30000,4.35,0.190108175,0.58711763,0.100364163,2.8,2.8,1.5
1,0,0,1,0,0,3,12061.6,4.573,0.076433625,0.2360526,0.040351746,2.8,2.8,9.841
1,0,0,0,0,1,3,43350,2,0.065,0.065,0.145026216,9.850901811,3.265871821,0.5
1,1,0,1,0,1,3,90639,9.7,0.012,0.012,0.303230246,20.59690633,6.828497254,2
1,1,1,0,0,0,3,250000,26,0.058,0.058,0,0,0,586.21
1,0,0,1,1,0,3,21918,0.8,0.138893033,0.428948141,0.073326058,4.144,4.144,92.18
0,0,0,0,0,1,3,5200,0.67,0.04,0.04,0.01,1.41,0.51,19.05
0,0,0,0,0,1,1,3200,0.3,0.06,0.07,0.006,1.4,0.3,1.073
1,0,1,0,1,1,3,23000,15.6,0.21,0.26,0.053,5.8,1.2,13.906
1,0,1,1,0,0,3,16308,1.06,0.08,0.6223,0.0125,5.46,0.63,128.12
1,0,0,1,0,0,3,17800,1.2602,0.1655,0.6835,0.059549403,17.28,1.95,95.106
1,1,1,0,0,0,3,30200,5.1729,0.453,1.359,0.101033258,6.8,1.51,74.079
0,0,0,1,0,0,3,26700,1.8904,0.24,1.02,0.089324105,1.5,0.732,24.14
1,1,1,0,0,0,3,50459,3.5724,0.469,1.9376,0.16,15.7,2.951,150.957
0,0,0,1,1,1,3,10313,0.73,0.0959,0.4,0.034501854,2.343537494,0.776953543,57.274
1,0,0,0,1,1,3,37000,2.2,0.49,1.34,0.123782468,15,3.2,27
1,0,1,1,0,0,3,60000,3.564,0.792,2.2,0.200728326,32,6.5,98
1,0,0,0,1,1,3,44000,2.61,0.58,1.59,0.147200773,34,7,60
1,1,1,0,1,1,3,137000,8.14,1.81,4.95,0.0164,95,19,688.18
1,1,0,0,1,1,3,62000,3.683,0.82,2.24,0.078,25.3,4.8,350
1,1,1,0,0,0,3,93551.58,11.4402,0.5298,1.1287,0.0935,60,14,242.39
1,0,1,1,0,0,3,39078.15,4.738,0.0586,0.1249,0.0831,37,10,330.185
0,1,0,0,1,1,3,110400,6.624,0.8832,2.1638,0.1104,103,26,510.431
1,1,0,1,0,0,3,79281,5.6091,0.7381,1.8086,0.0792,43,10,113.35
1,1,1,0,0,1,3,148651.9,10.5172,1.3838,3.3902,0.1486,56,14,550.15
0,0,0,0,1,1,3,1000,0.072,0.008,0.0196,0.001,0.227241103,0.075337297,42.2
0,1,0,1,1,0,3,64800,12.24,0.410633658,1.268174081,0.216786592,17.76,3.55,695.53
0,1,1,0,0,0,3,30328,5.35,0.192186691,0.593536783,0.101461478,18.42,3.68,366.46
1,0,1,1,0,0,3,56724.75,4.537,0.123,0.168,0.104,14.22,3.12,394.74
1,1,1,0,0,0,3,101280,8.17,0.345,0.724,0.087,16.9,3.39,490.406
1,0,0,1,1,1,3,101734,8.13,0.644682169,1.990994166,0.340348259,10.8,2.162,450
1,1,1,0,0,1,3,48711,3.89,0.308678644,0.953302896,0.162961292,20.49,4.09,483.9
1,0,0,1,0,1,3,154060,16.24,1.972,2.3,0.113,27.07,5.17,565.4
0,1,0,0,0,1,3,85702.5,8.96,0.108,0.202,0.102,22.96,4.36,533
1,1,1,0,1,0,3,70947,5.66,0.82486852,1.096103267,0.072995052,11.6,2.33,578.95
1,0,1,0,1,0,3,3804,0.3804,0.044227379,0.058770305,0.003913811,8.17,1.63,53.93
1,0,0,1,0,1,3,21102,2.11,0.245343362,0.326017607,0.021711159,8.6,1.72,154.62
0,1,0,0,0,1,3,93443,9.3443,0.484,0.487,0.075,13.11,2.588,380.62
0,0,1,0,0,1,3,9945,1.928,0.115625995,0.153646341,0.010232086,0.41,0.123,38.1
1,1,1,0,0,1,3,85200,9.88,0.990581672,1.316306515,0.087659499,31.5,6.1,655
1,0,1,0,0,1,3,37012,1.69,0.229,0.3,0.009,79.84,19.96,14.15
1,0,0,1,0,1,3,28900,1.32,0.197,0.24,0.0078,48.17,12.04,50.54
1,0,0,0,0,0,3,61090,4.99,0.017,0.017,0.004,28.845,14.951,496.43
1,0,1,0,0,1,3,31310,2.56,0.009,0.009,0.001,14.785,6.744,278.01
1,0,0,0,0,1,3,60900,2.1239,0.2876,0.2876,0.2457,12.18,5.6648,458.08
1,0,1,0,0,1,3,3275,1.144,0.011,0.011,0.003369541,1.178144817,0.311094921,20.5
0,0,1,0,0,1,3,750,0.268,0.023,0.023,0.000771651,0.269804157,0.071243112,9
0,0,0,0,0,0,3,3520,1.32,0.143,0.143,0.003621613,1.266280842,0.334367671,6.2
1,0,1,0,0,1,3,44100,1.923,0.26,0.26,0.0035,11.025,5.128,380.842
0,0,0,1,1,0,3,39770,1.733,0.234,0.234,0.0043,9.943,4.624,303.34
1,0,1,0,1,1,3,69825,3.045,0.412,0.412,0.0089,17.456,8.119,180.63
1,0,0,1,0,0,3,31791.5,3.9145,0.6097,0.938,0.0552,17.1638,3.417,25.53
1,0,1,0,0,0,3,33200,4.7226,0.7355,1.1316,0.0667,20.7072,4.1224,177.26
1,1,0,1,0,0,3,32000,4.4157,0.3494,0.5472,0.0375,16.3952,3.264,81.77
1,1,0,1,1,0,3,50766.5,7.0185,0.5543,0.8681,0.0596,16.3959,3.264,122.36
1,0,0,1,0,1,3,27722.6,3.8253,0.3103,0.474,0.0326,38.2,7.85,42.88
1,0,1,0,0,0,3,30859.392,3.7996,0.5918,0.9104,0.0537,16.6601,3.3167,134.13
1,0,0,1,0,0,3,39120,4.5712,0.7119,1.0953,0.0645,20.0432,3.9902,16.15
1,1,0,0,1,0,3,121345.783,14.9412,2.3271,3.5802,0.2111,65.513,13.042,184.58
1,0,0,1,0,0,3,27423.253,3.3702,0.5259,0.8091,0.0477,14.8054,2.9474,60.8
1,1,0,1,0,0,3,44360.056,5.4619,0.8507,1.3088,0.0772,23.9494,4.7678,79.27
1,0,1,0,0,0,3,49737.09,6.124,0.9538,1.4674,0.0865,26.85,5.3458,23.6
1,1,0,1,0,1,3,56250,2.7,0.11,0.11,0,5.625,2.7,9.94
1,1,0,0,0,0,3,37500,1.8,0.076,0.076,0,3.75,1.8,91.9
0,1,0,0,0,0,3,10200,0.49,0.021,0.021,0,1.02,0.48,45.95
1,0,1,0,0,0,3,37500,1.8,0.076,0.076,0,3.75,1.8,65.61
1,0,0,1,0,0,3,38125,1.83,0.077,0.077,0,3.81,1.83,65.62
1,0,0,1,0,1,3,56250,2.7,0.11,0.11,0,5.62,2.7,203.45
1,0,0,1,1,1,1,38390,1.84,0.078,0.078,0,3.83,1.8,91.9
0,0,0,0,0,1,3,13600,0.65,0.027,0.027,0,1.36,0.68,29.53
1,0,0,1,0,0,3,67000,4,0.5,0.5,0.068934113,3,3,361.35
1,0,0,1,0,0,3,88000,6,1.1,1.3,0.090540327,2,2,91.2
1,1,0,0,0,1,3,50000,4,0.5,0.5,0.051443368,17.98694378,4.749540777,150
0,1,1,0,0,1,3,50000,5,0.5,0.5,0.051443368,1.8,1.8,135.35
0,1,0,0,0,0,3,120960,4,0.5,0.5,0.124451795,4,4,2.34
1,1,0,1,0,0,3,240000,20,1,1,0.246928165,6,6,760
0,0,1,0,1,1,3,7520,0.6,0,0,0,0,0,35.17
0,0,1,0,0,0,3,10010,1,0,0,0,0.346,0.346,3.944
1,1,0,1,0,0,3,159000,15.9,1.59,4.77,0.163589909,19,4,2078.975
1,1,1,0,0,0,3,210000,21,2.1,6.3,1.287,38.1,23.1,2193.79
1,1,0,1,1,1,3,120000,12,1.2,3.6,0.912,37.2,2.64,1620.03
0,0,0,0,1,0,4,268,0.0452,0.0356,0.0356,0.000275736,0.096410019,0.025457539,0.165
0,0,0,0,0,1,4,3533.12,0.1516,0.04107798,0.054585315,9.00E-04,1.271000616,0.33561395,9.03
0,0,0,1,1,0,4,4000,0.24,0.013,0.026,0,0,0,15.5
0,0,0,0,1,0,4,630,0.29,0.005,0.0088,0,0,0,21
0,0,1,0,0,0,4,6800,1.7,0,0,0,0,0,70
0,1,0,0,0,0,4,23760,2.138,0.31,0.48,0.02,0,0,82.8
0,1,0,1,0,0,4,5500,0.8,0.0054,0.0054,0,2.00E-04,2.00E-04,150
0,0,1,0,0,0,4,12230,2.02,0.305,0.458,0,0,0,0.6
0,1,0,0,0,0,4,52980,7.298,0.423,0.508,0.105,0,0,23.76
0,1,1,0,1,0,1,2150,0.107,0.011,0.013,0.006,0,0,320
0,0,0,0,1,0,4,3000,0.9,0,0,0,0,0,51.34
0,0,1,0,0,0,4,8124,0.304,0.024,0.1,0.002,0.31,0.210583399,34.01
1,0,0,1,0,0,4,5165.2,0.493,0.067,0.091,0.08,0.193918283,0.133887909,50.11
0,0,0,0,1,0,4,2880,0.277,0.037,0.051,0.004,0.108124497,0.074652904,1.6
0,0,0,1,1,1,4,560,0.054,0.007,0.01,0.001,0.021024208,0.014515842,15
0,0,0,0,0,1,4,12301,0.62,0.03,0.17,6.00E-04,0.098,0.049,175.18
0,0,1,1,0,1,4,45291,6.79,0.290149634,0.463150125,0.076986083,1.700370353,1.173994676,10
1,1,0,1,0,1,4,21660,1.213,0.01,0.03,0.0117,2.8,2.8,412.74
0,0,0,0,0,1,4,2522,0.0946,0.0065,0.0159,0.0025,0.094684022,0.065373133,0.749
0,0,0,0,1,1,4,850,0.039,0.0053,0.007,2.00E-04,0.031911744,0.022032975,3.82
0,0,0,0,1,0,4,10200,0.49,0.021,0.021,0,1.02,0.51,19.69
0,0,1,0,0,0,4,34000,1.63,0.069,0.069,0,3.4,1.7,32.81
